{"name":"t:sections.footer.name","type":"footer","sections":{"footer":{"type":"footer","blocks":{"link_list_YTCyAe":{"type":"link_list","settings":{"heading":"Navigate","menu":"footer"}},"link_list_C7RJKY":{"type":"link_list","settings":{"heading":"Categories","menu":"footer-shop-links"}},"brand_information_n94Wdh":{"type":"brand_information","settings":{"show_social":true}}},"block_order":["link_list_YTCyAe","link_list_C7RJKY","brand_information_n94Wdh"],"settings":{"color_scheme":"scheme-3","newsletter_enable":true,"newsletter_heading":"Join Our Newsletter","enable_follow_on_shop":false,"show_social":false,"enable_country_selector":false,"enable_language_selector":false,"payment_enable":false,"show_policy":true,"margin_top":0,"padding_top":36,"padding_bottom":36}}},"order":["footer"]}