{"name":"t:sections.header.name","type":"header","sections":{"announcement-bar":{"type":"announcement-bar","blocks":{"announcement-bar-0":{"type":"announcement","settings":{"text":"Welcome to our store","link":""}}},"block_order":["announcement-bar-0"],"disabled":true,"settings":{"color_scheme":"scheme-1","show_line_separator":true,"show_social":false,"auto_rotate":false,"change_slides_speed":5,"enable_country_selector":false,"enable_language_selector":false}},"header":{"type":"header","custom_css":[".header__menu-item span {font-size: 2rem;}",".mega-menu__link--level-2 {font-size: 2rem;}"],"settings":{"logo_position":"middle-center","menu":"shop-menu","menu_type_desktop":"drawer","sticky_header_type":"always","show_line_separator":false,"color_scheme":"scheme-2","menu_color_scheme":"scheme-2","enable_country_selector":true,"enable_language_selector":true,"enable_customer_avatar":false,"mobile_logo_position":"center","margin_bottom":80,"padding_top":12,"padding_bottom":12}}},"order":["announcement-bar","header"]}