{"sections":{"banner":{"type":"main-collection-banner","settings":{"show_collection_description":true,"show_collection_image":false,"color_scheme":"scheme-1"}},"collection_list_ArHwCt":{"type":"collection-list","blocks":{"featured_collection_JAH4Eh":{"type":"featured_collection","settings":{"collection":"jewelry-box-hardware"}},"featured_collection_ByC966":{"type":"featured_collection","settings":{"collection":"shelf-supports"}},"featured_collection_UWf8hn":{"type":"featured_collection","settings":{"collection":"box-knobs"}},"featured_collection_YR4RtU":{"type":"featured_collection","settings":{"collection":"box-feet"}},"featured_collection_G4Tt7T":{"type":"featured_collection","settings":{"collection":"catches-latches"}},"featured_collection_j6XB8x":{"type":"featured_collection","settings":{"collection":"hooks"}},"featured_collection_bYxGXw":{"type":"featured_collection","settings":{"collection":"lid-stays"}}},"block_order":["featured_collection_JAH4Eh","featured_collection_ByC966","featured_collection_UWf8hn","featured_collection_YR4RtU","featured_collection_G4Tt7T","featured_collection_j6XB8x","featured_collection_bYxGXw"],"settings":{"title":"","heading_size":"h1","image_ratio":"square","columns_desktop":4,"color_scheme":"","show_view_all":false,"columns_mobile":"1","swipe_on_mobile":false,"padding_top":36,"padding_bottom":36}},"product-grid":{"type":"main-collection-product-grid","disabled":true,"settings":{"products_per_page":36,"columns_desktop":4,"color_scheme":"scheme-1","image_ratio":"adapt","image_shape":"default","show_secondary_image":false,"show_vendor":false,"show_rating":false,"quick_add":"none","enable_filtering":false,"filter_type":"drawer","enable_sorting":false,"columns_mobile":"2","padding_top":36,"padding_bottom":36}},"rich_text_rJMBTN":{"type":"rich-text","blocks":{"text_hdmhN3":{"type":"text","settings":{"text":"<p>At Brusso, we understand that precision and efficiency are key when it comes to woodworking. That's why we've developed a line of routing templates that are perfect for aligning mortises and reducing setup time. Our templates are made for repeat use, ensuring accuracy across multiple assemblies. Whether you're a professional woodworker or a hobbyist, our routing templates will help you achieve the precision you need to take your projects to the next level. Click through our Installation & Tips section for resourceful guidelines about our templates and get started on your next project today. Save time and achieve precision with Brusso routing templates.<\/p>"}}},"block_order":["text_hdmhN3"],"settings":{"desktop_content_position":"center","content_alignment":"center","color_scheme":"","full_width":true,"padding_top":72,"padding_bottom":72}}},"order":["banner","collection_list_ArHwCt","product-grid","rich_text_rJMBTN"]}