{"sections":{"banner":{"type":"main-collection-banner","settings":{"show_collection_description":true,"show_collection_image":false,"color_scheme":"scheme-2"}},"product-grid":{"type":"main-collection-product-grid","settings":{"products_per_page":36,"columns_desktop":4,"color_scheme":"scheme-1","image_ratio":"adapt","image_shape":"default","show_secondary_image":true,"show_vendor":false,"show_rating":false,"quick_add":"none","enable_filtering":true,"filter_type":"drawer","enable_sorting":false,"columns_mobile":"1","padding_top":80,"padding_bottom":80}},"rich_text_rJMBTN":{"type":"rich-text","blocks":{"text_hdmhN3":{"type":"text","settings":{"text":"<p>At Brusso, we understand that precision and efficiency are key when it comes to woodworking. That's why we've developed a line of routing templates that are perfect for aligning mortises and reducing setup time. Our templates are made for repeat use, ensuring accuracy across multiple assemblies. Whether you're a professional woodworker or a hobbyist, our routing templates will help you achieve the precision you need to take your projects to the next level. Click through our Installation & Tips section for resourceful guidelines about our templates and get started on your next project today. Save time and achieve precision with Brusso routing templates.<\/p>"}}},"block_order":["text_hdmhN3"],"settings":{"desktop_content_position":"center","content_alignment":"center","color_scheme":"","full_width":true,"padding_top":72,"padding_bottom":72}}},"order":["banner","product-grid","rich_text_rJMBTN"]}