{"sections":{"slideshow_NrFbYM":{"type":"slideshow","blocks":{"slide_zyLefA":{"type":"slide","settings":{"image":"shopify:\/\/shop_images\/Cover_1_1.jpg","heading":"Beautiful Solid Brass","heading_size":"h2","subheading":"Hardware, latches, shelf pins, lid supports, hinges, and more waiting for you to try on your next project.","button_label":"Browse Hardware","link":"shopify:\/\/collections","button_style_secondary":true,"box_align":"bottom-left","show_text_box":true,"text_alignment":"left","image_overlay_opacity":0,"color_scheme":"scheme-1","text_alignment_mobile":"left"}},"slide_9JaFEX":{"type":"slide","settings":{"image":"shopify:\/\/shop_images\/PRODUCT_SPOTLIGHT_HARDWARE_11_Fa.jpg","heading":"Hardware","heading_size":"h1","subheading":"Latches, lid supports, shelf pins, and more. Try them on your next jewelry box or furniture project.","button_label":"Learn More","link":"shopify:\/\/collections\/hardware","button_style_secondary":false,"box_align":"middle-center","show_text_box":true,"text_alignment":"center","image_overlay_opacity":0,"color_scheme":"","text_alignment_mobile":"center"}},"slide_pJQeYz":{"type":"slide","settings":{"image":"shopify:\/\/shop_images\/PRODUCT_SPOTLIGHT_HINGES_11_Face.jpg","heading":"Hinges","heading_size":"h1","subheading":"Precision made hinges. Shop different styles for woodworking, furniture, cabinets, and more.","button_label":"Learn More","link":"shopify:\/\/collections\/hinges","button_style_secondary":false,"box_align":"middle-center","show_text_box":true,"text_alignment":"center","image_overlay_opacity":0,"color_scheme":"","text_alignment_mobile":"center"}},"slide_Lkdfj4":{"type":"slide","settings":{"image":"shopify:\/\/shop_images\/Installed_Photo_Grid_1200_600_px.jpg","heading":"Customer Project Gallery","heading_size":"h1","subheading":"Customer submitted photos of projects using Brusso Hardware","button_label":"See More","link":"","button_style_secondary":false,"box_align":"middle-center","show_text_box":true,"text_alignment":"center","image_overlay_opacity":0,"color_scheme":"","text_alignment_mobile":"center"}}},"block_order":["slide_zyLefA","slide_9JaFEX","slide_pJQeYz","slide_Lkdfj4"],"settings":{"layout":"full_bleed","slide_height":"medium","slider_visual":"counter","auto_rotate":false,"change_slides_speed":5,"image_behavior":"none","show_text_below":true,"accessibility_info":"Slideshow about our brand"}},"collection_list_XGXqba":{"type":"collection-list","blocks":{"featured_collection_7dzJCe":{"type":"featured_collection","settings":{"collection":"knobs"}},"featured_collection_kQg9JG":{"type":"featured_collection","settings":{"collection":"pulls"}},"featured_collection_FJKdXW":{"type":"featured_collection","settings":{"collection":"hinges"}},"featured_collection_fCFhzW":{"type":"featured_collection","settings":{"collection":"shelf-supports"}},"featured_collection_LiA9CQ":{"type":"featured_collection","settings":{"collection":"catches-latches"}},"featured_collection_q4HP9y":{"type":"featured_collection","settings":{"collection":"hardware"}},"featured_collection_9LQUKW":{"type":"featured_collection","settings":{"collection":"templates"}}},"block_order":["featured_collection_7dzJCe","featured_collection_kQg9JG","featured_collection_FJKdXW","featured_collection_fCFhzW","featured_collection_LiA9CQ","featured_collection_q4HP9y","featured_collection_9LQUKW"],"settings":{"title":"","heading_size":"h2","image_ratio":"square","columns_desktop":7,"color_scheme":"scheme-1","show_view_all":false,"columns_mobile":"2","swipe_on_mobile":false,"padding_top":36,"padding_bottom":36}},"multicolumn_BzWtmi":{"type":"multicolumn","blocks":{"column_bjWMBG":{"type":"column","settings":{"image":"shopify:\/\/shop_images\/3.webp","title":"<strong>CUSTOMER PROJECT GALLERY<\/strong>","text":"","link_label":"View Customer Projects 📷","link":"shopify:\/\/blogs\/news"}},"column_cHd9JF":{"type":"column","settings":{"image":"shopify:\/\/shop_images\/rsz-resources.webp","title":"<strong>RESOURCES<\/strong>","text":"","link_label":"View & Download Resources","link":"shopify:\/\/pages\/resources"}}},"block_order":["column_bjWMBG","column_cHd9JF"],"custom_css":[".multicolumn-card.content-container {border: 3px solid #1a365e;}"],"settings":{"title":"","heading_size":"h1","image_width":"full","image_ratio":"adapt","columns_desktop":2,"column_alignment":"center","background_style":"primary","button_label":"","button_link":"","color_scheme":"scheme-1","columns_mobile":"1","swipe_on_mobile":false,"padding_top":36,"padding_bottom":8}},"multicolumn_c3HgWY":{"type":"multicolumn","blocks":{"column_RrHxHX":{"type":"column","settings":{"image":"shopify:\/\/shop_images\/bru-catalog-art.jpg","title":"<strong>GET THE CATALOG<\/strong>","text":"","link_label":"View & Download PDF","link":"shopify:\/\/pages\/catalog-request"}},"column_L8HcWj":{"type":"column","settings":{"image":"shopify:\/\/shop_images\/2.webp","title":"<strong>SHOP HARDWARE<\/strong>","text":"","link_label":"Shop Now","link":"shopify:\/\/collections\/hardware"}},"column_9GhHGQ":{"type":"column","settings":{"image":"shopify:\/\/shop_images\/br.webp","title":"<strong>NEWSLETTER<\/strong> 📧","text":"","link_label":"Sign Up Now","link":"https:\/\/brusso.us7.list-manage.com\/subscribe?u=0716c721af7d0d689e1d0bfa9&id=c537605627"}}},"block_order":["column_RrHxHX","column_L8HcWj","column_9GhHGQ"],"custom_css":[".multicolumn-card.content-container {border: 3px solid #1a365e;}"],"settings":{"title":"","heading_size":"h1","image_width":"full","image_ratio":"adapt","columns_desktop":3,"column_alignment":"center","background_style":"primary","button_label":"","button_link":"","color_scheme":"scheme-1","columns_mobile":"1","swipe_on_mobile":false,"padding_top":8,"padding_bottom":36}},"1741712546f9f9acf5":{"type":"apps","blocks":{"judge_me_reviews_featured_carousel_bfAqRf":{"type":"shopify:\/\/apps\/judge-me-reviews\/blocks\/featured_carousel\/61ccd3b1-a9f2-4160-9fe9-4fec8413e5d8","settings":{"maxwidth":1080}}},"block_order":["judge_me_reviews_featured_carousel_bfAqRf"],"settings":{"include_margins":true}}},"order":["slideshow_NrFbYM","collection_list_XGXqba","multicolumn_BzWtmi","multicolumn_c3HgWY","1741712546f9f9acf5"]}