{"sections":{"main":{"type":"main-list-collections","disabled":true,"settings":{"title":"Collections","sort":"products_high","image_ratio":"square","columns_desktop":3,"columns_mobile":"2"}},"collection_list_NddMbq":{"type":"collection-list","blocks":{"featured_collection_rfMbw6":{"type":"featured_collection","settings":{"collection":"clearance"}},"featured_collection_ghGCq7":{"type":"featured_collection","settings":{"collection":"hinges"}},"featured_collection_3PFzkq":{"type":"featured_collection","settings":{"collection":"hardware"}},"featured_collection_7nRqL7":{"type":"featured_collection","settings":{"collection":"knobs"}},"featured_collection_Pckbt8":{"type":"featured_collection","settings":{"collection":"new-products"}},"featured_collection_bzXAcW":{"type":"featured_collection","settings":{"collection":"pulls"}},"featured_collection_AqG8MD":{"type":"featured_collection","settings":{"collection":"templates"}},"featured_collection_ynNptW":{"type":"featured_collection","settings":{"collection":"stainless-steel"}},"featured_collection_khKm39":{"type":"featured_collection","settings":{"collection":"screw-wax"}}},"block_order":["featured_collection_rfMbw6","featured_collection_ghGCq7","featured_collection_3PFzkq","featured_collection_7nRqL7","featured_collection_Pckbt8","featured_collection_bzXAcW","featured_collection_AqG8MD","featured_collection_ynNptW","featured_collection_khKm39"],"settings":{"title":"Shop All","heading_size":"h1","image_ratio":"square","columns_desktop":3,"color_scheme":"","show_view_all":false,"columns_mobile":"1","swipe_on_mobile":false,"padding_top":36,"padding_bottom":36}}},"order":["main","collection_list_NddMbq"]}