{"sections":{"main":{"type":"main-page","settings":{"padding_top":28,"padding_bottom":28}},"multicolumn_qiPeRF":{"type":"multicolumn","blocks":{"column_iB6TVR":{"type":"column","settings":{"image":"shopify:\/\/shop_images\/screw-reference-chart.webp","title":"Screw Reference Chart","text":"","link_label":"Download PDF","link":"https:\/\/cdn.shopify.com\/s\/files\/1\/0634\/2583\/9182\/files\/BrussoHardwareLLCInstallationTipsScrewSizeTable_1.pdf?v=1744048861"}},"column_EnWqRe":{"type":"column","settings":{"image":"shopify:\/\/shop_images\/rsz-brusso-img-2_922482d9-6e99-4088-9957-a66c18f135c1.jpg","title":"Wood Screw Pilot Hole Sizes","text":"","link_label":"View Chart - BoltDepot.com","link":"https:\/\/boltdepot.com\/fastener-information\/Wood-Screws\/Wood-Screw-Pilot-Hole-Size"}},"column_VCQJVN":{"type":"column","settings":{"image":"shopify:\/\/shop_images\/rsz-brusso-img-1_61389785-34cf-4b93-ba95-41eef3ddc6b9.jpg","title":"Brass Screw Information","text":"","link_label":"See Information","link":"\/pages\/screw-documentation"}},"column_LaXrmk":{"type":"column","settings":{"image":"shopify:\/\/shop_images\/pivot-hinge-documentation.webp","title":"Pivot Hinge Documentation","text":"","link_label":"See Documentation","link":"shopify:\/\/pages\/pivot-hinge-documentation"}}},"block_order":["column_iB6TVR","column_EnWqRe","column_VCQJVN","column_LaXrmk"],"settings":{"title":"Supporting Documents","heading_size":"h2","image_width":"full","image_ratio":"adapt","columns_desktop":2,"column_alignment":"left","background_style":"primary","button_label":"","button_link":"","color_scheme":"","columns_mobile":"1","swipe_on_mobile":false,"padding_top":36,"padding_bottom":36}},"multicolumn_YX9MCD":{"type":"multicolumn","blocks":{"column_WQCQrB":{"type":"column","settings":{"image":"shopify:\/\/shop_images\/video-1.webp","title":"Brusso TJ-L37 Offset Pivot Hinge Template","text":"<p><em>by Brusso Hardware<\/em><\/p>","link_label":"Watch Video","link":"https:\/\/www.youtube.com\/watch?v=08LuXUedVl8&t=1s"}},"column_bn3pdP":{"type":"column","settings":{"image":"shopify:\/\/shop_images\/v1.webp","title":"Offset Pivot Hinge Installation","text":"<p><em>by Brusso Hardware<\/em><\/p>","link_label":"Watch Video","link":"https:\/\/youtu.be\/zEPTEx5gTfk"}}},"block_order":["column_WQCQrB","column_bn3pdP"],"settings":{"title":"Watch Brusso Hardware Videos:","heading_size":"h2","image_width":"full","image_ratio":"adapt","columns_desktop":3,"column_alignment":"left","background_style":"primary","button_label":"","button_link":"","color_scheme":"","columns_mobile":"1","swipe_on_mobile":false,"padding_top":36,"padding_bottom":36}},"multicolumn_xKaxTm":{"type":"multicolumn","blocks":{"column_dqkJQb":{"type":"column","settings":{"image":"shopify:\/\/shop_images\/video-2_1.png","title":"How to Install a Butt Hinge Mortise","text":"<p><em>by The Wood Whisperer<\/em><\/p>","link_label":"Watch Video","link":"https:\/\/youtu.be\/N29v7w3d2N8"}},"column_UkgEwF":{"type":"column","settings":{"image":"shopify:\/\/shop_images\/video-3_1.png","title":"Home Remodeling Tips: How to Mortise a Hinge","text":"<p><em>by Chris Palmer<\/em><\/p>","link_label":"Watch Video","link":"https:\/\/youtu.be\/ucoxZxOqaAc"}},"column_xfyrQA":{"type":"column","settings":{"image":"shopify:\/\/shop_images\/video-4_1.png","title":"How to Install Offset Knife Hinges","text":"<p><em>by FineWoodworking<\/em><\/p>","link_label":"Watch Video","link":"https:\/\/youtu.be\/9UtvCT2_fPg"}},"column_6X3ihi":{"type":"column","settings":{"image":"shopify:\/\/shop_images\/v2_1.png","title":"How to Make a Sliding Tray Box with Hidden Compartment","text":"<p><em>by Make Something<\/em><\/p>","link_label":"Watch Video","link":"https:\/\/youtu.be\/jAHgJCZ13fA"}},"column_J9Rgkt":{"type":"column","settings":{"image":"shopify:\/\/shop_images\/jewerlyboxtitle_1.png","title":"Jewelry Box w\/ Gary Rogowski","text":"<p><em>by The Wood Whisperer<\/em><\/p>","link_label":"Watch Video","link":"https:\/\/youtu.be\/-vfYSjiECRk"}},"column_iPtira":{"type":"column","settings":{"image":"shopify:\/\/shop_images\/0_1.jpg","title":"DIY MID CENTURY MODERN END TABLE","text":"<p><em>by Modern Builds<\/em><\/p>","link_label":"Watch Video","link":"https:\/\/youtu.be\/qFDojdUFR1k"}},"column_j7MBUL":{"type":"column","settings":{"image":"shopify:\/\/shop_images\/0_1_fbe7d851-90c4-4e6e-b83c-54d5609e936b.jpg","title":"Secret Compartment Box","text":"<p><em>by Modern Builds<\/em><\/p>","link_label":"Watch Video","link":"https:\/\/youtu.be\/9JTCXVK7T_Q"}},"column_9aJA4Y":{"type":"column","settings":{"image":"shopify:\/\/shop_images\/0_1_b3a497a9-798d-472e-839a-ecb2effbd4c5.jpg","title":"Kitchen Drop Leaf Table","text":"<p><em>by Make Something<\/em><\/p>","link_label":"Watch Video","link":"https:\/\/youtu.be\/2OVUuXPGclk"}},"column_RM4M6Y":{"type":"column","settings":{"image":"shopify:\/\/shop_images\/0_1_36cc7205-cc23-4c60-aabe-f6075bd75954.jpg","title":"Incredible Collapsible Bookcase","text":"<p><em>by Make Something<\/em><\/p>","link_label":"Watch Video","link":"https:\/\/youtu.be\/wyKMxKWXj8I"}}},"block_order":["column_dqkJQb","column_UkgEwF","column_xfyrQA","column_6X3ihi","column_J9Rgkt","column_iPtira","column_j7MBUL","column_9aJA4Y","column_RM4M6Y"],"settings":{"title":"Watch Videos from Around the Web:","heading_size":"h2","image_width":"full","image_ratio":"adapt","columns_desktop":3,"column_alignment":"left","background_style":"primary","button_label":"","button_link":"","color_scheme":"","columns_mobile":"1","swipe_on_mobile":false,"padding_top":36,"padding_bottom":36}}},"order":["main","multicolumn_qiPeRF","multicolumn_YX9MCD","multicolumn_xKaxTm"]}