{"sections":{"main":{"type":"main-product","blocks":{"vendor":{"type":"text","disabled":true,"settings":{"text":"{{ product.vendor }}","text_style":"uppercase"}},"title":{"type":"title","settings":{}},"judge_me_reviews_preview_badge_hQMwkA":{"type":"shopify:\/\/apps\/judge-me-reviews\/blocks\/preview_badge\/61ccd3b1-a9f2-4160-9fe9-4fec8413e5d8","settings":{}},"rating_GF8PCA":{"type":"rating","disabled":true,"settings":{}},"sku_xzTrHC":{"type":"sku","settings":{"text_style":"subtitle"}},"description":{"type":"description","settings":{}},"price":{"type":"price","settings":{}},"variant_picker":{"type":"variant_picker","settings":{"picker_type":"button","swatch_shape":"circle"}},"inventory_pPYm7k":{"type":"inventory","disabled":true,"settings":{"text_style":"body","inventory_threshold":10,"show_inventory_quantity":true}},"quantity_selector":{"type":"quantity_selector","settings":{}},"buy_buttons":{"type":"buy_buttons","settings":{"show_dynamic_checkout":false,"show_gift_card_recipient":false}},"share":{"type":"share","settings":{"share_label":"Share"}},"judge_me_reviews_review_snippet_widget_KW8RqA":{"type":"shopify:\/\/apps\/judge-me-reviews\/blocks\/review_snippet_widget\/61ccd3b1-a9f2-4160-9fe9-4fec8413e5d8","settings":{}}},"block_order":["vendor","title","judge_me_reviews_preview_badge_hQMwkA","rating_GF8PCA","sku_xzTrHC","description","price","variant_picker","inventory_pPYm7k","quantity_selector","buy_buttons","share","judge_me_reviews_review_snippet_widget_KW8RqA"],"settings":{"enable_sticky_info":true,"color_scheme":"scheme-1","media_size":"small","constrain_to_viewport":true,"media_fit":"cover","gallery_layout":"thumbnail_slider","media_position":"right","image_zoom":"lightbox","mobile_thumbnails":"hide","hide_variants":true,"enable_video_looping":false,"padding_top":0,"padding_bottom":100}},"1739541688604db29a":{"type":"apps","blocks":{"judge_me_reviews_review_widget_k6G3Rc":{"type":"shopify:\/\/apps\/judge-me-reviews\/blocks\/review_widget\/61ccd3b1-a9f2-4160-9fe9-4fec8413e5d8","settings":{}}},"block_order":["judge_me_reviews_review_widget_k6G3Rc"],"settings":{"include_margins":true}},"related-products":{"type":"related-products","settings":{"heading":"Related Product","heading_size":"h2","products_to_show":5,"columns_desktop":5,"color_scheme":"scheme-1","image_ratio":"square","image_shape":"default","show_secondary_image":true,"show_vendor":false,"show_rating":false,"columns_mobile":"2","padding_top":36,"padding_bottom":28}},"173954142978a93fe8":{"type":"apps","settings":{"include_margins":true}}},"order":["main","1739541688604db29a","related-products","173954142978a93fe8"]}